datasetID,accessible,institution,dataStructure,cdm_data_type,class,title,minLongitude,maxLongitude,longitudeSpacing,minLatitude,maxLatitude,latitudeSpacing,minAltitude,maxAltitude,minTime,maxTime,timeSpacing,griddap,subset,tabledap,MakeAGraph,sos,wcs,wms,files,fgdc,iso19115,metadata,sourceUrl,infoUrl,rss,email,testOutOfDate,outOfDate,summary
allDatasets,public,Southern California Coastal Ocean Observing System (SCCOOS),table,Other,EDDTableFromAllDatasets,* The List of All Active Datasets in this ERDDAP *,,,,,,,,,,,,,https://erddap.sccoos.org/erddap/tabledap/allDatasets.subset,https://erddap.sccoos.org/erddap/tabledap/allDatasets,https://erddap.sccoos.org/erddap/tabledap/allDatasets.graph,,,,,,,https://erddap.sccoos.org/erddap/info/allDatasets/index,https://erddap.sccoos.org/erddap,https://erddap.sccoos.org/erddap,https://erddap.sccoos.org/erddap/rss/allDatasets.rss,https://erddap.sccoos.org/erddap/subscriptions/add.html?datasetID=allDatasets&showErrors=false&email=,,,This dataset is a table which has a row of information for each dataset currently active in this ERDDAP.
HABs-BodegaMarineLabBuoy,public,CalHABMAP,table,TimeSeries,EDDTableFromAsciiFiles,CalHABMAP - HABs Bodega Marine Lab Buoy data,-123.0825,-123.0825,,38.3126,38.3126,,,,2020-02-20T20:10:00Z,2025-02-21T19:08:00Z,,,https://erddap.sccoos.org/erddap/tabledap/HABs-BodegaMarineLabBuoy.subset,https://erddap.sccoos.org/erddap/tabledap/HABs-BodegaMarineLabBuoy,https://erddap.sccoos.org/erddap/tabledap/HABs-BodegaMarineLabBuoy.graph,,,,,https://erddap.sccoos.org/erddap/metadata/fgdc/xml/HABs-BodegaMarineLabBuoy_fgdc.xml,https://erddap.sccoos.org/erddap/metadata/iso19115/xml/HABs-BodegaMarineLabBuoy_iso19115.xml,https://erddap.sccoos.org/erddap/info/HABs-BodegaMarineLabBuoy/index,(local files),https://calhabmap.org,https://erddap.sccoos.org/erddap/rss/HABs-BodegaMarineLabBuoy.rss,https://erddap.sccoos.org/erddap/subscriptions/add.html?datasetID=HABs-BodegaMarineLabBuoy&showErrors=false&email=,now-132days,0.3635267,"The California Harmful Algal Bloom Monitoring and Alert Program (CalHABMAP) collects weekly phytoplankton and water quality data at eight piers along the Central and Southern California coast. HABMAP provides timely updates on HAB events, and aids in understanding the timing, extent, and impact of these events on humans and the marine ecosystem."
HABs-BodegaMarineLab,public,CalHABMAP,table,TimeSeries,EDDTableFromAsciiFiles,CalHABMAP - HABs Bodega Marine Lab data,-123.0705,-123.0705,,38.31613,38.31613,,,,2020-01-20T20:47:00Z,2025-03-31T18:37:00Z,,,https://erddap.sccoos.org/erddap/tabledap/HABs-BodegaMarineLab.subset,https://erddap.sccoos.org/erddap/tabledap/HABs-BodegaMarineLab,https://erddap.sccoos.org/erddap/tabledap/HABs-BodegaMarineLab.graph,,,,,https://erddap.sccoos.org/erddap/metadata/fgdc/xml/HABs-BodegaMarineLab_fgdc.xml,https://erddap.sccoos.org/erddap/metadata/iso19115/xml/HABs-BodegaMarineLab_iso19115.xml,https://erddap.sccoos.org/erddap/info/HABs-BodegaMarineLab/index,(local files),https://calhabmap.org,https://erddap.sccoos.org/erddap/rss/HABs-BodegaMarineLab.rss,https://erddap.sccoos.org/erddap/subscriptions/add.html?datasetID=HABs-BodegaMarineLab&showErrors=false&email=,now-132days,0.07581099,"The California Harmful Algal Bloom Monitoring and Alert Program (CalHABMAP) collects weekly phytoplankton and water quality data at eight piers along the Central and Southern California coast. HABMAP provides timely updates on HAB events, and aids in understanding the timing, extent, and impact of these events on humans and the marine ecosystem."
HABs-CalPolyPier,public,CalHABMAP,table,TimeSeries,EDDTableFromAsciiFiles,CalHABMAP - HABs CalPoly Pier data,-120.7407,-120.7407,,35.1702,35.1702,,-0.5,-0.5,2008-08-15T19:00:00Z,2025-04-06T16:15:00Z,,,https://erddap.sccoos.org/erddap/tabledap/HABs-CalPolyPier.subset,https://erddap.sccoos.org/erddap/tabledap/HABs-CalPolyPier,https://erddap.sccoos.org/erddap/tabledap/HABs-CalPolyPier.graph,,,,,https://erddap.sccoos.org/erddap/metadata/fgdc/xml/HABs-CalPolyPier_fgdc.xml,https://erddap.sccoos.org/erddap/metadata/iso19115/xml/HABs-CalPolyPier_iso19115.xml,https://erddap.sccoos.org/erddap/info/HABs-CalPolyPier/index,(local files),https://calhabmap.org,https://erddap.sccoos.org/erddap/rss/HABs-CalPolyPier.rss,https://erddap.sccoos.org/erddap/subscriptions/add.html?datasetID=HABs-CalPolyPier&showErrors=false&email=,now-132days,0.031103494,"The California Harmful Algal Bloom Monitoring and Alert Program (CalHABMAP) collects weekly phytoplankton and water quality data at eight piers along the Central and Southern California coast. HABMAP provides timely updates on HAB events, and aids in understanding the timing, extent, and impact of these events on humans and the marine ecosystem."
HABs-Humboldt,public,CalHABMAP,table,TimeSeries,EDDTableFromAsciiFiles,CalHABMAP - HABs Humboldt data,-124.1967,-124.1967,,40.77833,40.77833,,,,2017-09-05T19:00:00Z,2024-07-10T20:25:00Z,,,https://erddap.sccoos.org/erddap/tabledap/HABs-Humboldt.subset,https://erddap.sccoos.org/erddap/tabledap/HABs-Humboldt,https://erddap.sccoos.org/erddap/tabledap/HABs-Humboldt.graph,,,,,https://erddap.sccoos.org/erddap/metadata/fgdc/xml/HABs-Humboldt_fgdc.xml,https://erddap.sccoos.org/erddap/metadata/iso19115/xml/HABs-Humboldt_iso19115.xml,https://erddap.sccoos.org/erddap/info/HABs-Humboldt/index,(local files),https://calhabmap.org,https://erddap.sccoos.org/erddap/rss/HABs-Humboldt.rss,https://erddap.sccoos.org/erddap/subscriptions/add.html?datasetID=HABs-Humboldt&showErrors=false&email=,now-132days,2.075243,"The California Harmful Algal Bloom Monitoring and Alert Program (CalHABMAP) collects weekly phytoplankton and water quality data at eight piers along the Central and Southern California coast. HABMAP provides timely updates on HAB events, and aids in understanding the timing, extent, and impact of these events on humans and the marine ecosystem."
HABs-HumboldtSouthBay,public,CalHABMAP,table,TimeSeries,EDDTableFromAsciiFiles,CalHABMAP - HABs Humboldt South Bay data,-124.2234,-124.2234,,40.72343,40.72343,,,,2017-08-16T19:00:00Z,2024-08-28T17:40:00Z,,,https://erddap.sccoos.org/erddap/tabledap/HABs-HumboldtSouthBay.subset,https://erddap.sccoos.org/erddap/tabledap/HABs-HumboldtSouthBay,https://erddap.sccoos.org/erddap/tabledap/HABs-HumboldtSouthBay.graph,,,,,https://erddap.sccoos.org/erddap/metadata/fgdc/xml/HABs-HumboldtSouthBay_fgdc.xml,https://erddap.sccoos.org/erddap/metadata/iso19115/xml/HABs-HumboldtSouthBay_iso19115.xml,https://erddap.sccoos.org/erddap/info/HABs-HumboldtSouthBay/index,(local files),https://calhabmap.org,https://erddap.sccoos.org/erddap/rss/HABs-HumboldtSouthBay.rss,https://erddap.sccoos.org/erddap/subscriptions/add.html?datasetID=HABs-HumboldtSouthBay&showErrors=false&email=,now-132days,1.7048988,"The California Harmful Algal Bloom Monitoring and Alert Program (CalHABMAP) collects weekly phytoplankton and water quality data at eight piers along the Central and Southern California coast. HABMAP provides timely updates on HAB events, and aids in understanding the timing, extent, and impact of these events on humans and the marine ecosystem."
HABs-InnerTomalesBay,public,CalHABMAP,table,TimeSeries,EDDTableFromAsciiFiles,CalHABMAP - HABs Inner Tomales Bay data,-122.867,-122.867,,38.11798,38.11798,,,,2021-01-29T19:38:00Z,2025-02-24T17:50:00Z,,,https://erddap.sccoos.org/erddap/tabledap/HABs-InnerTomalesBay.subset,https://erddap.sccoos.org/erddap/tabledap/HABs-InnerTomalesBay,https://erddap.sccoos.org/erddap/tabledap/HABs-InnerTomalesBay.graph,,,,,https://erddap.sccoos.org/erddap/metadata/fgdc/xml/HABs-InnerTomalesBay_fgdc.xml,https://erddap.sccoos.org/erddap/metadata/iso19115/xml/HABs-InnerTomalesBay_iso19115.xml,https://erddap.sccoos.org/erddap/info/HABs-InnerTomalesBay/index,(local files),https://calhabmap.org,https://erddap.sccoos.org/erddap/rss/HABs-InnerTomalesBay.rss,https://erddap.sccoos.org/erddap/subscriptions/add.html?datasetID=HABs-InnerTomalesBay&showErrors=false&email=,now-132days,0.3412098,"The California Harmful Algal Bloom Monitoring and Alert Program (CalHABMAP) collects weekly phytoplankton and water quality data at eight piers along the Central and Southern California coast. HABMAP provides timely updates on HAB events, and aids in understanding the timing, extent, and impact of these events on humans and the marine ecosystem."
HABs-MontereyWharf,public,CalHABMAP,table,TimeSeries,EDDTableFromAsciiFiles,CalHABMAP - HABs Monterey Wharf data,-121.8893,-121.8893,,36.60368,36.60368,,-5.0,-5.0,2005-06-03T17:10:00Z,2025-04-09T14:15:00Z,,,https://erddap.sccoos.org/erddap/tabledap/HABs-MontereyWharf.subset,https://erddap.sccoos.org/erddap/tabledap/HABs-MontereyWharf,https://erddap.sccoos.org/erddap/tabledap/HABs-MontereyWharf.graph,,,,,https://erddap.sccoos.org/erddap/metadata/fgdc/xml/HABs-MontereyWharf_fgdc.xml,https://erddap.sccoos.org/erddap/metadata/iso19115/xml/HABs-MontereyWharf_iso19115.xml,https://erddap.sccoos.org/erddap/info/HABs-MontereyWharf/index,(local files),https://calhabmap.org,https://erddap.sccoos.org/erddap/rss/HABs-MontereyWharf.rss,https://erddap.sccoos.org/erddap/subscriptions/add.html?datasetID=HABs-MontereyWharf&showErrors=false&email=,now-132days,0.009007533,"The California Harmful Algal Bloom Monitoring and Alert Program (CalHABMAP) collects weekly phytoplankton and water quality data at eight piers along the Central and Southern California coast. HABMAP provides timely updates on HAB events, and aids in understanding the timing, extent, and impact of these events on humans and the marine ecosystem."
HABs-MorroBayBackBay,public,CalHABMAP,table,TimeSeries,EDDTableFromAsciiFiles,CalHABMAP - HABs Morro Bay Back Bay data,-120.8445,-120.8445,,35.32999,35.32999,,-0.5,-0.5,2023-01-03T15:00:00Z,2024-12-10T00:12:00Z,,,https://erddap.sccoos.org/erddap/tabledap/HABs-MorroBayBackBay.subset,https://erddap.sccoos.org/erddap/tabledap/HABs-MorroBayBackBay,https://erddap.sccoos.org/erddap/tabledap/HABs-MorroBayBackBay.graph,,,,,https://erddap.sccoos.org/erddap/metadata/fgdc/xml/HABs-MorroBayBackBay_fgdc.xml,https://erddap.sccoos.org/erddap/metadata/iso19115/xml/HABs-MorroBayBackBay_iso19115.xml,https://erddap.sccoos.org/erddap/info/HABs-MorroBayBackBay/index,(local files),https://calhabmap.org,https://erddap.sccoos.org/erddap/rss/HABs-MorroBayBackBay.rss,https://erddap.sccoos.org/erddap/subscriptions/add.html?datasetID=HABs-MorroBayBackBay&showErrors=false&email=,now-132days,0.9225335,"The California Harmful Algal Bloom Monitoring and Alert Program (CalHABMAP) collects weekly phytoplankton and water quality data at eight piers along the Central and Southern California coast. HABMAP provides timely updates on HAB events, and aids in understanding the timing, extent, and impact of these events on humans and the marine ecosystem."
HABs-MorroBayFrontBay,public,CalHABMAP,table,TimeSeries,EDDTableFromAsciiFiles,CalHABMAP - HABs Morro Bay Front Bay data,-120.8587,-120.8587,,35.37085,35.37085,,-0.5,-0.5,2023-01-03T15:30:00Z,2024-12-10T01:00:00Z,,,https://erddap.sccoos.org/erddap/tabledap/HABs-MorroBayFrontBay.subset,https://erddap.sccoos.org/erddap/tabledap/HABs-MorroBayFrontBay,https://erddap.sccoos.org/erddap/tabledap/HABs-MorroBayFrontBay.graph,,,,,https://erddap.sccoos.org/erddap/metadata/fgdc/xml/HABs-MorroBayFrontBay_fgdc.xml,https://erddap.sccoos.org/erddap/metadata/iso19115/xml/HABs-MorroBayFrontBay_iso19115.xml,https://erddap.sccoos.org/erddap/info/HABs-MorroBayFrontBay/index,(local files),https://calhabmap.org,https://erddap.sccoos.org/erddap/rss/HABs-MorroBayFrontBay.rss,https://erddap.sccoos.org/erddap/subscriptions/add.html?datasetID=HABs-MorroBayFrontBay&showErrors=false&email=,now-132days,0.92228097,"The California Harmful Algal Bloom Monitoring and Alert Program (CalHABMAP) collects weekly phytoplankton and water quality data at eight piers along the Central and Southern California coast. HABMAP provides timely updates on HAB events, and aids in understanding the timing, extent, and impact of these events on humans and the marine ecosystem."
HABs-NewportBeachPier,public,CalHABMAP,table,TimeSeries,EDDTableFromAsciiFiles,CalHABMAP - HABs Newport Beach Pier data,-117.9311,-117.9311,,33.6061,33.6061,,,,2008-06-30T16:20:00Z,2025-04-01T17:30:00Z,,,https://erddap.sccoos.org/erddap/tabledap/HABs-NewportBeachPier.subset,https://erddap.sccoos.org/erddap/tabledap/HABs-NewportBeachPier,https://erddap.sccoos.org/erddap/tabledap/HABs-NewportBeachPier.graph,,,,,https://erddap.sccoos.org/erddap/metadata/fgdc/xml/HABs-NewportBeachPier_fgdc.xml,https://erddap.sccoos.org/erddap/metadata/iso19115/xml/HABs-NewportBeachPier_iso19115.xml,https://erddap.sccoos.org/erddap/info/HABs-NewportBeachPier/index,(local files),https://calhabmap.org,https://erddap.sccoos.org/erddap/rss/HABs-NewportBeachPier.rss,https://erddap.sccoos.org/erddap/subscriptions/add.html?datasetID=HABs-NewportBeachPier&showErrors=false&email=,now-132days,0.06858771,"The California Harmful Algal Bloom Monitoring and Alert Program (CalHABMAP) collects weekly phytoplankton and water quality data at eight piers along the Central and Southern California coast. HABMAP provides timely updates on HAB events, and aids in understanding the timing, extent, and impact of these events on humans and the marine ecosystem."
HABs-SantaCruzWharf,public,CalHABMAP,table,TimeSeries,EDDTableFromAsciiFiles,CalHABMAP - HABs Santa Cruz Wharf data,-122.017,-122.017,,36.958,36.958,,,,2011-10-05T13:00:00Z,2025-04-02T17:30:00Z,,,https://erddap.sccoos.org/erddap/tabledap/HABs-SantaCruzWharf.subset,https://erddap.sccoos.org/erddap/tabledap/HABs-SantaCruzWharf,https://erddap.sccoos.org/erddap/tabledap/HABs-SantaCruzWharf.graph,,,,,https://erddap.sccoos.org/erddap/metadata/fgdc/xml/HABs-SantaCruzWharf_fgdc.xml,https://erddap.sccoos.org/erddap/metadata/iso19115/xml/HABs-SantaCruzWharf_iso19115.xml,https://erddap.sccoos.org/erddap/info/HABs-SantaCruzWharf/index,(local files),https://calhabmap.org,https://erddap.sccoos.org/erddap/rss/HABs-SantaCruzWharf.rss,https://erddap.sccoos.org/erddap/subscriptions/add.html?datasetID=HABs-SantaCruzWharf&showErrors=false&email=,now-132days,0.061011955,"The California Harmful Algal Bloom Monitoring and Alert Program (CalHABMAP) collects weekly phytoplankton and water quality data at eight piers along the Central and Southern California coast. HABMAP provides timely updates on HAB events, and aids in understanding the timing, extent, and impact of these events on humans and the marine ecosystem."
HABs-SantaMonicaPier,public,CalHABMAP,table,TimeSeries,EDDTableFromAsciiFiles,CalHABMAP - HABs Santa Monica Pier data,-118.499,-118.499,,34.008,34.008,,,,2008-06-30T14:00:00Z,2025-04-07T18:00:00Z,,,https://erddap.sccoos.org/erddap/tabledap/HABs-SantaMonicaPier.subset,https://erddap.sccoos.org/erddap/tabledap/HABs-SantaMonicaPier,https://erddap.sccoos.org/erddap/tabledap/HABs-SantaMonicaPier.graph,,,,,https://erddap.sccoos.org/erddap/metadata/fgdc/xml/HABs-SantaMonicaPier_fgdc.xml,https://erddap.sccoos.org/erddap/metadata/iso19115/xml/HABs-SantaMonicaPier_iso19115.xml,https://erddap.sccoos.org/erddap/info/HABs-SantaMonicaPier/index,(local files),https://calhabmap.org,https://erddap.sccoos.org/erddap/rss/HABs-SantaMonicaPier.rss,https://erddap.sccoos.org/erddap/subscriptions/add.html?datasetID=HABs-SantaMonicaPier&showErrors=false&email=,now-132days,0.022975337,"The California Harmful Algal Bloom Monitoring and Alert Program (CalHABMAP) collects weekly phytoplankton and water quality data at eight piers along the Central and Southern California coast. HABMAP provides timely updates on HAB events, and aids in understanding the timing, extent, and impact of these events on humans and the marine ecosystem."
HABs-ScrippsPier,public,CalHABMAP,table,TimeSeries,EDDTableFromAsciiFiles,CalHABMAP - HABs Scripps Pier data,-117.257,-117.257,,32.867,32.867,,,,2008-06-30T15:00:00Z,2025-04-07T19:30:00Z,,,https://erddap.sccoos.org/erddap/tabledap/HABs-ScrippsPier.subset,https://erddap.sccoos.org/erddap/tabledap/HABs-ScrippsPier,https://erddap.sccoos.org/erddap/tabledap/HABs-ScrippsPier.graph,,,,,https://erddap.sccoos.org/erddap/metadata/fgdc/xml/HABs-ScrippsPier_fgdc.xml,https://erddap.sccoos.org/erddap/metadata/iso19115/xml/HABs-ScrippsPier_iso19115.xml,https://erddap.sccoos.org/erddap/info/HABs-ScrippsPier/index,(local files),https://calhabmap.org,https://erddap.sccoos.org/erddap/rss/HABs-ScrippsPier.rss,https://erddap.sccoos.org/erddap/subscriptions/add.html?datasetID=HABs-ScrippsPier&showErrors=false&email=,now-132days,0.022501852,"The California Harmful Algal Bloom Monitoring and Alert Program (CalHABMAP) collects weekly phytoplankton and water quality data at eight piers along the Central and Southern California coast. HABMAP provides timely updates on HAB events, and aids in understanding the timing, extent, and impact of these events on humans and the marine ecosystem."
HABs-StearnsWharf,public,CalHABMAP,table,TimeSeries,EDDTableFromAsciiFiles,CalHABMAP - HABs Stearns Wharf data,-119.6849,-119.6849,,34.40804,34.40804,,-1.0,-1.0,2008-06-30T16:30:00Z,2025-03-24T14:51:00Z,,,https://erddap.sccoos.org/erddap/tabledap/HABs-StearnsWharf.subset,https://erddap.sccoos.org/erddap/tabledap/HABs-StearnsWharf,https://erddap.sccoos.org/erddap/tabledap/HABs-StearnsWharf.graph,,,,,https://erddap.sccoos.org/erddap/metadata/fgdc/xml/HABs-StearnsWharf_fgdc.xml,https://erddap.sccoos.org/erddap/metadata/iso19115/xml/HABs-StearnsWharf_iso19115.xml,https://erddap.sccoos.org/erddap/info/HABs-StearnsWharf/index,(local files),https://calhabmap.org,https://erddap.sccoos.org/erddap/rss/HABs-StearnsWharf.rss,https://erddap.sccoos.org/erddap/subscriptions/add.html?datasetID=HABs-StearnsWharf&showErrors=false&email=,now-132days,0.13003027,"The California Harmful Algal Bloom Monitoring and Alert Program (CalHABMAP) collects weekly phytoplankton and water quality data at eight piers along the Central and Southern California coast. HABMAP provides timely updates on HAB events, and aids in understanding the timing, extent, and impact of these events on humans and the marine ecosystem."
HABs-TomalesBayMid-ChannelBuoy,public,CalHABMAP,table,TimeSeries,EDDTableFromAsciiFiles,CalHABMAP - HABs Tomales Bay Mid-Channel Buoy data,-122.9286,-122.9286,,38.18967,38.18967,,,,2021-01-29T18:59:00Z,2025-02-24T16:32:00Z,,,https://erddap.sccoos.org/erddap/tabledap/HABs-TomalesBayMid-ChannelBuoy.subset,https://erddap.sccoos.org/erddap/tabledap/HABs-TomalesBayMid-ChannelBuoy,https://erddap.sccoos.org/erddap/tabledap/HABs-TomalesBayMid-ChannelBuoy.graph,,,,,https://erddap.sccoos.org/erddap/metadata/fgdc/xml/HABs-TomalesBayMid-ChannelBuoy_fgdc.xml,https://erddap.sccoos.org/erddap/metadata/iso19115/xml/HABs-TomalesBayMid-ChannelBuoy_iso19115.xml,https://erddap.sccoos.org/erddap/info/HABs-TomalesBayMid-ChannelBuoy/index,(local files),https://calhabmap.org,https://erddap.sccoos.org/erddap/rss/HABs-TomalesBayMid-ChannelBuoy.rss,https://erddap.sccoos.org/erddap/subscriptions/add.html?datasetID=HABs-TomalesBayMid-ChannelBuoy&showErrors=false&email=,now-132days,0.34162015,"The California Harmful Algal Bloom Monitoring and Alert Program (CalHABMAP) collects weekly phytoplankton and water quality data at eight piers along the Central and Southern California coast. HABMAP provides timely updates on HAB events, and aids in understanding the timing, extent, and impact of these events on humans and the marine ecosystem."
HABs-TomalesBayMouth,public,CalHABMAP,table,TimeSeries,EDDTableFromAsciiFiles,CalHABMAP - HABs Tomales Bay Mouth data,-122.9791,-122.9791,,38.23082,38.23082,,,,2020-06-30T15:49:00Z,2025-02-24T15:50:00Z,,,https://erddap.sccoos.org/erddap/tabledap/HABs-TomalesBayMouth.subset,https://erddap.sccoos.org/erddap/tabledap/HABs-TomalesBayMouth,https://erddap.sccoos.org/erddap/tabledap/HABs-TomalesBayMouth.graph,,,,,https://erddap.sccoos.org/erddap/metadata/fgdc/xml/HABs-TomalesBayMouth_fgdc.xml,https://erddap.sccoos.org/erddap/metadata/iso19115/xml/HABs-TomalesBayMouth_iso19115.xml,https://erddap.sccoos.org/erddap/info/HABs-TomalesBayMouth/index,(local files),https://calhabmap.org,https://erddap.sccoos.org/erddap/rss/HABs-TomalesBayMouth.rss,https://erddap.sccoos.org/erddap/subscriptions/add.html?datasetID=HABs-TomalesBayMouth&showErrors=false&email=,now-132days,0.3418411,"The California Harmful Algal Bloom Monitoring and Alert Program (CalHABMAP) collects weekly phytoplankton and water quality data at eight piers along the Central and Southern California coast. HABMAP provides timely updates on HAB events, and aids in understanding the timing, extent, and impact of these events on humans and the marine ecosystem."
HABs-TrinidadPier,public,CalHABMAP,table,TimeSeries,EDDTableFromAsciiFiles,CalHABMAP - HABs Trinidad Pier data,-124.147,-124.147,,41.05495,41.05495,,,,2017-08-31T19:00:00Z,2024-08-27T18:10:00Z,,,https://erddap.sccoos.org/erddap/tabledap/HABs-TrinidadPier.subset,https://erddap.sccoos.org/erddap/tabledap/HABs-TrinidadPier,https://erddap.sccoos.org/erddap/tabledap/HABs-TrinidadPier.graph,,,,,https://erddap.sccoos.org/erddap/metadata/fgdc/xml/HABs-TrinidadPier_fgdc.xml,https://erddap.sccoos.org/erddap/metadata/iso19115/xml/HABs-TrinidadPier_iso19115.xml,https://erddap.sccoos.org/erddap/info/HABs-TrinidadPier/index,(local files),https://calhabmap.org,https://erddap.sccoos.org/erddap/rss/HABs-TrinidadPier.rss,https://erddap.sccoos.org/erddap/subscriptions/add.html?datasetID=HABs-TrinidadPier&showErrors=false&email=,now-132days,1.7123168,"The California Harmful Algal Bloom Monitoring and Alert Program (CalHABMAP) collects weekly phytoplankton and water quality data at eight piers along the Central and Southern California coast. HABMAP provides timely updates on HAB events, and aids in understanding the timing, extent, and impact of these events on humans and the marine ecosystem."
SPATT-Humboldt,public,CalHABMAP,table,TimeSeries,EDDTableFromAsciiFiles,CalHABMAP - SPATT Humboldt data,-124.1967,-124.1967,,40.77833,40.77833,,,,2020-08-11T12:00:00Z,2024-05-13T12:00:00Z,,,https://erddap.sccoos.org/erddap/tabledap/SPATT-Humboldt.subset,https://erddap.sccoos.org/erddap/tabledap/SPATT-Humboldt,https://erddap.sccoos.org/erddap/tabledap/SPATT-Humboldt.graph,,,,,https://erddap.sccoos.org/erddap/metadata/fgdc/xml/SPATT-Humboldt_fgdc.xml,https://erddap.sccoos.org/erddap/metadata/iso19115/xml/SPATT-Humboldt_iso19115.xml,https://erddap.sccoos.org/erddap/info/SPATT-Humboldt/index,(local files),http://calhabmap.org,https://erddap.sccoos.org/erddap/rss/SPATT-Humboldt.rss,https://erddap.sccoos.org/erddap/subscriptions/add.html?datasetID=SPATT-Humboldt&showErrors=false&email=,now-132days,2.5172937,"The California Harmful Algal Bloom Monitoring and Alert Program (CalHABMAP) maintains weekly sample collection of Solid Phase Adsorption Toxin Tracking (SPATT) for a suite of dissolved toxins from three demonstration sites along the Southern California coast. The SPATT data, coupled with other HABMAP datasets, informs timely updates on HAB events, and aids in understanding the timing, extent, and impact of these events on humans and the marine ecosystem."
SPATT-HumboldtSouthBay,public,CalHABMAP,table,TimeSeries,EDDTableFromAsciiFiles,CalHABMAP - SPATT Humboldt South Bay data,-124.2234,-124.2234,,40.72343,40.72343,,,,2020-07-02T12:00:00Z,2024-04-03T12:00:00Z,,,https://erddap.sccoos.org/erddap/tabledap/SPATT-HumboldtSouthBay.subset,https://erddap.sccoos.org/erddap/tabledap/SPATT-HumboldtSouthBay,https://erddap.sccoos.org/erddap/tabledap/SPATT-HumboldtSouthBay.graph,,,,,https://erddap.sccoos.org/erddap/metadata/fgdc/xml/SPATT-HumboldtSouthBay_fgdc.xml,https://erddap.sccoos.org/erddap/metadata/iso19115/xml/SPATT-HumboldtSouthBay_iso19115.xml,https://erddap.sccoos.org/erddap/info/SPATT-HumboldtSouthBay/index,(local files),http://calhabmap.org,https://erddap.sccoos.org/erddap/rss/SPATT-HumboldtSouthBay.rss,https://erddap.sccoos.org/erddap/subscriptions/add.html?datasetID=SPATT-HumboldtSouthBay&showErrors=false&email=,now-132days,2.820324,"The California Harmful Algal Bloom Monitoring and Alert Program (CalHABMAP) maintains weekly sample collection of Solid Phase Adsorption Toxin Tracking (SPATT) for a suite of dissolved toxins from three demonstration sites along the Southern California coast. The SPATT data, coupled with other HABMAP datasets, informs timely updates on HAB events, and aids in understanding the timing, extent, and impact of these events on humans and the marine ecosystem."
SPATT-NewportBeachPier,public,CalHABMAP,table,TimeSeries,EDDTableFromAsciiFiles,CalHABMAP - SPATT Newport Beach Pier data,-117.9311,-117.9311,,33.6061,33.6061,,,,2020-06-29T12:00:00Z,2024-12-05T12:00:00Z,,,https://erddap.sccoos.org/erddap/tabledap/SPATT-NewportBeachPier.subset,https://erddap.sccoos.org/erddap/tabledap/SPATT-NewportBeachPier,https://erddap.sccoos.org/erddap/tabledap/SPATT-NewportBeachPier.graph,,,,,https://erddap.sccoos.org/erddap/metadata/fgdc/xml/SPATT-NewportBeachPier_fgdc.xml,https://erddap.sccoos.org/erddap/metadata/iso19115/xml/SPATT-NewportBeachPier_iso19115.xml,https://erddap.sccoos.org/erddap/info/SPATT-NewportBeachPier/index,(local files),http://calhabmap.org,https://erddap.sccoos.org/erddap/rss/SPATT-NewportBeachPier.rss,https://erddap.sccoos.org/erddap/subscriptions/add.html?datasetID=SPATT-NewportBeachPier&showErrors=false&email=,now-132days,0.9566875,"The California Harmful Algal Bloom Monitoring and Alert Program (CalHABMAP) maintains weekly sample collection of Solid Phase Adsorption Toxin Tracking (SPATT) for a suite of dissolved toxins from three demonstration sites along the Southern California coast. The SPATT data, coupled with other HABMAP datasets, informs timely updates on HAB events, and aids in understanding the timing, extent, and impact of these events on humans and the marine ecosystem."
SPATT-SantaCruzWharf,public,CalHABMAP,table,TimeSeries,EDDTableFromAsciiFiles,CalHABMAP - SPATT Santa Cruz Wharf data,-122.017,-122.017,,36.958,36.958,,,,2008-07-15T12:00:00Z,2025-03-26T12:00:00Z,,,https://erddap.sccoos.org/erddap/tabledap/SPATT-SantaCruzWharf.subset,https://erddap.sccoos.org/erddap/tabledap/SPATT-SantaCruzWharf,https://erddap.sccoos.org/erddap/tabledap/SPATT-SantaCruzWharf.graph,,,,,https://erddap.sccoos.org/erddap/metadata/fgdc/xml/SPATT-SantaCruzWharf_fgdc.xml,https://erddap.sccoos.org/erddap/metadata/iso19115/xml/SPATT-SantaCruzWharf_iso19115.xml,https://erddap.sccoos.org/erddap/info/SPATT-SantaCruzWharf/index,(local files),http://calhabmap.org,https://erddap.sccoos.org/erddap/rss/SPATT-SantaCruzWharf.rss,https://erddap.sccoos.org/erddap/subscriptions/add.html?datasetID=SPATT-SantaCruzWharf&showErrors=false&email=,now-132days,0.11577837,"The California Harmful Algal Bloom Monitoring and Alert Program (CalHABMAP) maintains weekly sample collection of Solid Phase Adsorption Toxin Tracking (SPATT) for a suite of dissolved toxins from three demonstration sites along the Southern California coast. The SPATT data, coupled with other HABMAP datasets, informs timely updates on HAB events, and aids in understanding the timing, extent, and impact of these events on humans and the marine ecosystem."
SPATT-ScrippsPier,public,CalHABMAP,table,TimeSeries,EDDTableFromAsciiFiles,CalHABMAP - SPATT Scripps Pier data,-117.257,-117.257,,32.867,32.867,,,,2020-06-22T12:00:00Z,2024-06-24T12:00:00Z,,,https://erddap.sccoos.org/erddap/tabledap/SPATT-ScrippsPier.subset,https://erddap.sccoos.org/erddap/tabledap/SPATT-ScrippsPier,https://erddap.sccoos.org/erddap/tabledap/SPATT-ScrippsPier.graph,,,,,https://erddap.sccoos.org/erddap/metadata/fgdc/xml/SPATT-ScrippsPier_fgdc.xml,https://erddap.sccoos.org/erddap/metadata/iso19115/xml/SPATT-ScrippsPier_iso19115.xml,https://erddap.sccoos.org/erddap/info/SPATT-ScrippsPier/index,(local files),http://calhabmap.org,https://erddap.sccoos.org/erddap/rss/SPATT-ScrippsPier.rss,https://erddap.sccoos.org/erddap/subscriptions/add.html?datasetID=SPATT-ScrippsPier&showErrors=false&email=,now-132days,2.199112,"The California Harmful Algal Bloom Monitoring and Alert Program (CalHABMAP) maintains weekly sample collection of Solid Phase Adsorption Toxin Tracking (SPATT) for a suite of dissolved toxins from three demonstration sites along the Southern California coast. The SPATT data, coupled with other HABMAP datasets, informs timely updates on HAB events, and aids in understanding the timing, extent, and impact of these events on humans and the marine ecosystem."
SPATT-StearnsWharf,public,CalHABMAP,table,TimeSeries,EDDTableFromAsciiFiles,CalHABMAP - SPATT Stearns Wharf data,-119.685,-119.685,,34.408,34.408,,,,2020-11-10T12:00:00Z,2022-10-11T12:00:00Z,,,https://erddap.sccoos.org/erddap/tabledap/SPATT-StearnsWharf.subset,https://erddap.sccoos.org/erddap/tabledap/SPATT-StearnsWharf,https://erddap.sccoos.org/erddap/tabledap/SPATT-StearnsWharf.graph,,,,,https://erddap.sccoos.org/erddap/metadata/fgdc/xml/SPATT-StearnsWharf_fgdc.xml,https://erddap.sccoos.org/erddap/metadata/iso19115/xml/SPATT-StearnsWharf_iso19115.xml,https://erddap.sccoos.org/erddap/info/SPATT-StearnsWharf/index,(local files),http://calhabmap.org,https://erddap.sccoos.org/erddap/rss/SPATT-StearnsWharf.rss,https://erddap.sccoos.org/erddap/subscriptions/add.html?datasetID=SPATT-StearnsWharf&showErrors=false&email=,now-132days,6.9112334,"The California Harmful Algal Bloom Monitoring and Alert Program (CalHABMAP) maintains weekly sample collection of Solid Phase Adsorption Toxin Tracking (SPATT) for a suite of dissolved toxins from three demonstration sites along the Southern California coast. The SPATT data, coupled with other HABMAP datasets, informs timely updates on HAB events, and aids in understanding the timing, extent, and impact of these events on humans and the marine ecosystem."
SPATT-TrinidadPier,public,CalHABMAP,table,TimeSeries,EDDTableFromAsciiFiles,CalHABMAP - SPATT Trinidad Pier data,-124.147,-124.147,,41.05495,41.05495,,,,2020-07-07T12:00:00Z,2024-05-28T12:00:00Z,,,https://erddap.sccoos.org/erddap/tabledap/SPATT-TrinidadPier.subset,https://erddap.sccoos.org/erddap/tabledap/SPATT-TrinidadPier,https://erddap.sccoos.org/erddap/tabledap/SPATT-TrinidadPier.graph,,,,,https://erddap.sccoos.org/erddap/metadata/fgdc/xml/SPATT-TrinidadPier_fgdc.xml,https://erddap.sccoos.org/erddap/metadata/iso19115/xml/SPATT-TrinidadPier_iso19115.xml,https://erddap.sccoos.org/erddap/info/SPATT-TrinidadPier/index,(local files),http://calhabmap.org,https://erddap.sccoos.org/erddap/rss/SPATT-TrinidadPier.rss,https://erddap.sccoos.org/erddap/subscriptions/add.html?datasetID=SPATT-TrinidadPier&showErrors=false&email=,now-132days,2.4036574,"The California Harmful Algal Bloom Monitoring and Alert Program (CalHABMAP) maintains weekly sample collection of Solid Phase Adsorption Toxin Tracking (SPATT) for a suite of dissolved toxins from three demonstration sites along the Southern California coast. The SPATT data, coupled with other HABMAP datasets, informs timely updates on HAB events, and aids in understanding the timing, extent, and impact of these events on humans and the marine ecosystem."
spc_hab_daily,public,Scripps Institution of Oceanography,table,Other,EDDTableFromAsciiFiles,"Daily abudnance of four HAB taxa and three grazers at Scripps Pier, 2017-2020 (SPC)",,,,,,,,,,,,,,https://erddap.sccoos.org/erddap/tabledap/spc_hab_daily,https://erddap.sccoos.org/erddap/tabledap/spc_hab_daily.graph,,,,https://erddap.sccoos.org/erddap/files/spc_hab_daily/,,,https://erddap.sccoos.org/erddap/info/spc_hab_daily/index,(local files),https://erddap.sccoos.org/erddap/tabledap/spc_hab_daily.html,https://erddap.sccoos.org/erddap/rss/spc_hab_daily.rss,https://erddap.sccoos.org/erddap/subscriptions/add.html?datasetID=spc_hab_daily&showErrors=false&email=,,,"Daily record of abudnance of Akashiwo sanguinea, Chattonella spp., Dinophysis spp. and Lingulodinium polyedra, and ciliates, nauplii and copepods as published in Kenitz et al.(in review). The record covers the time period from August 2017 to November 2020, and was generated by automated classification of plankton images collected by the Scripps Plankton Camera (SPC) system at the Scripps Institution of Oceanography pier. Reported abundances are measured in number of organisms detected per day."
O2-Newport,public,???,table,Other,EDDTableFromAsciiFiles,Data from a local source.,,,,,,,,,2018-01-01T00:01:17Z,2019-12-17T20:58:42Z,,,,https://erddap.sccoos.org/erddap/tabledap/O2-Newport,,,,,,,,https://erddap.sccoos.org/erddap/info/O2-Newport/index,(local files),???,https://erddap.sccoos.org/erddap/rss/O2-Newport.rss,https://erddap.sccoos.org/erddap/subscriptions/add.html?datasetID=O2-Newport&showErrors=false&email=,now-1day,1940.9287,Data from a local source.
delmar_salinity,public,"Scripps Institution of Oceanography, UC San Diego",table,TimeSeries,EDDTableFromAsciiFiles,"Del Mar Nearshore Mooring Salinity Data *** PRELIMINARY, No QA/QC info ***",-117.32,-117.32,,32.93,32.93,,,,2006-02-28T09:20:00Z,2022-05-18T22:20:00Z,,,https://erddap.sccoos.org/erddap/tabledap/delmar_salinity.subset,https://erddap.sccoos.org/erddap/tabledap/delmar_salinity,https://erddap.sccoos.org/erddap/tabledap/delmar_salinity.graph,,,,https://erddap.sccoos.org/erddap/files/delmar_salinity/,https://erddap.sccoos.org/erddap/metadata/fgdc/xml/delmar_salinity_fgdc.xml,https://erddap.sccoos.org/erddap/metadata/iso19115/xml/delmar_salinity_iso19115.xml,https://erddap.sccoos.org/erddap/info/delmar_salinity/index,(local files),http://mooring.ucsd.edu/,https://erddap.sccoos.org/erddap/rss/delmar_salinity.rss,https://erddap.sccoos.org/erddap/subscriptions/add.html?datasetID=delmar_salinity&showErrors=false&email=,,,"Del Mar Nearshore Mooring Salinity Data *** PRELIMINARY, No QA/QC info ***"
delmar_temperature,public,"Scripps Institution of Oceanography, UC San Diego",table,TimeSeries,EDDTableFromAsciiFiles,"Del Mar Nearshore Mooring Temperature Data *** PRELIMINARY, No QA/QC info ***",117.32,117.32,,32.93,32.93,,,,2006-02-28T09:20:00Z,2022-05-18T22:20:00Z,,,https://erddap.sccoos.org/erddap/tabledap/delmar_temperature.subset,https://erddap.sccoos.org/erddap/tabledap/delmar_temperature,https://erddap.sccoos.org/erddap/tabledap/delmar_temperature.graph,,,,https://erddap.sccoos.org/erddap/files/delmar_temperature/,https://erddap.sccoos.org/erddap/metadata/fgdc/xml/delmar_temperature_fgdc.xml,https://erddap.sccoos.org/erddap/metadata/iso19115/xml/delmar_temperature_iso19115.xml,https://erddap.sccoos.org/erddap/info/delmar_temperature/index,(local files),http://mooring.ucsd.edu/,https://erddap.sccoos.org/erddap/rss/delmar_temperature.rss,https://erddap.sccoos.org/erddap/subscriptions/add.html?datasetID=delmar_temperature&showErrors=false&email=,,,"Del Mar Nearshore Mooring Temperature Data *** PRELIMINARY, No QA/QC info ***"
ca_ifcb_data,public,Southern California Ocean Observing System,table,Other,EDDTableFromFileNames,IFCB Data,,,,,,,,,,,,,https://erddap.sccoos.org/erddap/tabledap/ca_ifcb_data.subset,https://erddap.sccoos.org/erddap/tabledap/ca_ifcb_data,https://erddap.sccoos.org/erddap/tabledap/ca_ifcb_data.graph,,,,https://erddap.sccoos.org/erddap/files/ca_ifcb_data/,,,https://erddap.sccoos.org/erddap/info/ca_ifcb_data/index,(local files),https://sccoos.org/ifcb,https://erddap.sccoos.org/erddap/rss/ca_ifcb_data.rss,https://erddap.sccoos.org/erddap/subscriptions/add.html?datasetID=ca_ifcb_data&showErrors=false&email=,,,Un-reviewed data from IFCB sensors of California Coast
pH-Newport,public,SCCOOS,table,Other,EDDTableFromAsciiFiles,Newport pH data,,,,,,,,,2018-02-02T20:26:25Z,2020-05-28T22:08:13Z,,,,https://erddap.sccoos.org/erddap/tabledap/pH-Newport,https://erddap.sccoos.org/erddap/tabledap/pH-Newport.graph,,,,,,,https://erddap.sccoos.org/erddap/info/pH-Newport/index,(local files),https://sccoos.org,https://erddap.sccoos.org/erddap/rss/pH-Newport.rss,https://erddap.sccoos.org/erddap/subscriptions/add.html?datasetID=pH-Newport&showErrors=false&email=,now-1day,1777.8788,pH data from Newport
cosine_fcst,public,"Scripps Institution of Oceanography, UC San Diego",table,Other,EDDTableFromFileNames,ROMS Cosine Files,,,,,,,,,,,,,https://erddap.sccoos.org/erddap/tabledap/cosine_fcst.subset,https://erddap.sccoos.org/erddap/tabledap/cosine_fcst,https://erddap.sccoos.org/erddap/tabledap/cosine_fcst.graph,,,,https://erddap.sccoos.org/erddap/files/cosine_fcst/,,,https://erddap.sccoos.org/erddap/info/cosine_fcst/index,(local files),https://sccoos.org/roms-model-output,https://erddap.sccoos.org/erddap/rss/cosine_fcst.rss,https://erddap.sccoos.org/erddap/subscriptions/add.html?datasetID=cosine_fcst&showErrors=false&email=,,,ROMS Cosine Files
roms_fcst,public,"Scripps Institution of Oceanography, UC San Diego",table,Grid,EDDTableFromFileNames,ROMS Real Time Forecasting,,,,,,,,,2016-04-01T00:00:00Z,2022-12-01T00:00:00Z,,,,https://erddap.sccoos.org/erddap/tabledap/roms_fcst,https://erddap.sccoos.org/erddap/tabledap/roms_fcst.graph,,,,https://erddap.sccoos.org/erddap/files/roms_fcst/,,,https://erddap.sccoos.org/erddap/info/roms_fcst/index,(local files),https://sccoos.org/roms-model-output,https://erddap.sccoos.org/erddap/rss/roms_fcst.rss,https://erddap.sccoos.org/erddap/subscriptions/add.html?datasetID=roms_fcst&showErrors=false&email=,now+2days,432.8914,ROMS Real Time Forecasting
roms_ncst,public,"Scripps Institution of Oceanography, UC San Diego",grid,Grid,EDDGridFromNcFiles,ROMS Real Time Nowcasting,232.5,243.0,0.03,31.3,43.0,0.03,-0.0,-1000.0,2015-03-19T20:00:00Z,2022-12-01T03:00:00Z,21745.24959742351,https://erddap.sccoos.org/erddap/griddap/roms_ncst,,,https://erddap.sccoos.org/erddap/griddap/roms_ncst.graph,,,https://erddap.sccoos.org/erddap/wms/roms_ncst/request,https://erddap.sccoos.org/erddap/files/roms_ncst/,https://erddap.sccoos.org/erddap/metadata/fgdc/xml/roms_ncst_fgdc.xml,https://erddap.sccoos.org/erddap/metadata/iso19115/xml/roms_ncst_iso19115.xml,https://erddap.sccoos.org/erddap/info/roms_ncst/index,(local files),https://sccoos.org/roms-model-output,https://erddap.sccoos.org/erddap/rss/roms_ncst.rss,https://erddap.sccoos.org/erddap/subscriptions/add.html?datasetID=roms_ncst&showErrors=false&email=,,,SCB 20120923. Data from a local source.
pH-AHL,public,Scripps Institution of Oceanography,table,TimeSeries,EDDTableFromAsciiFiles,SeapHOx sensor at Agua Hedionda Lagoon,-117.3275,-117.3275,,33.1425,33.1425,,,,2019-08-22T17:00:25Z,2021-01-06T05:04:48Z,,,https://erddap.sccoos.org/erddap/tabledap/pH-AHL.subset,https://erddap.sccoos.org/erddap/tabledap/pH-AHL,https://erddap.sccoos.org/erddap/tabledap/pH-AHL.graph,,,,,https://erddap.sccoos.org/erddap/metadata/fgdc/xml/pH-AHL_fgdc.xml,https://erddap.sccoos.org/erddap/metadata/iso19115/xml/pH-AHL_iso19115.xml,https://erddap.sccoos.org/erddap/info/pH-AHL/index,(local files),https://sio.ucsd.edu,https://erddap.sccoos.org/erddap/rss/pH-AHL.rss,https://erddap.sccoos.org/erddap/subscriptions/add.html?datasetID=pH-AHL&showErrors=false&email=,now-1day,1555.5872,"Chief Scientist: Todd Martz\nFunction:  Measuring Ocean Acidification in the Field.  The SeapHOx can measure not only the pH of seawater but other crucial parameters such as dissolved oxygen, temperature, and salinity.  This data was collected from a SeapHOx sensor mounted on a mooring in the outer lagoon area of Agua Hedionda.  Data collection started in 2019 and is ongoing."
